Title,Link,Date
Getting Acquainted With A Production Code Base,/blog/getting-up-to-speed-on-a-production-code-base,2019-06-18
"Staff Spotlight - Zach DeRossette, Career Coach",/blog/staff-spotlight-zach-derossette,2019-05-22
Student Interview: Lena Ryoo on Company Projects,/blog/student-interview-lena-ryoo,2019-05-15
Debugging Like a Scientist,/blog/debugging-like-a-scientist,2019-04-29
The Benefits of Code Reviews,/blog/benefits-of-code-reviews,2019-03-29
Three More JavaScript Mistakes That Beginners Make,/blog/three-more-js-mistakes-that-beginners-make,2019-03-07
Alumni Spotlight: Miranda Howitt,/blog/alumni-spotlight-miranda,2019-02-12
Alumni Spotlight: Kristen Lingwood,/blog/alumni-spotlight-kristen,2019-02-06
Alumni Spotlight: Tyler Ketron,/blog/alumni-spotlight-tyler,2019-01-30
Avoiding Burnout,/blog/avoiding-burnout,2019-01-09
Student Interview: Sarah + Zac on Company Projects,/blog/student-interview-sarah-zac,2018-12-18
A New Tuition Option: We Make Money Only When You Do,/blog/new-tuition-option,2018-12-11
MongoDB is Easy,/blog/mongodb-is-easy,2018-12-06
Meet The Instructor: Alissa Renz,/blog/meet-the-instructor-alissa-renz,2018-11-14
Error Handling in Express,/blog/error-handling-express,2018-11-05
Four Tips for Moving Faster as a Developer,/blog/developer-productivity,2018-10-16
Five Tips to Manage the Emotional Side of a Coding Program,/blog/five-tips-emotional-management,2018-10-08
Does Emotional Intelligence Get You Paid More in Tech?,/blog/emotional-intelligence,2018-10-03
Post-Outcomes Blog: Top 3 Insights for Job-Seekers,/blog/insights-job-seekers,2018-09-27
"Staff Spotlight - Megan Lane, Operations & Events Associate",/blog/staff-spotlight-megan-lane,2018-09-11
Different Approaches to Using Relational Databases with Express,/blog/different-approaches-express,2018-08-28
The Job Funnel,/blog/the-job-funnel,2018-08-20
Alumni Spotlight: Daniel Szabo,/blog/alumni-spotlight-daniel,2018-08-08
Rithm School Interview FAQs,/blog/rithm-interview-faqs,2018-08-01
BPPE Approval and Outcomes Numbers,/blog/bppe-approval-and-outcomes-numbers,2018-07-25
What’s New in Python 3.7: Data Classes,/blog/whats-new-in-python-3-7,2018-07-11
Five Tips for Getting Yourself Unstuck,/blog/five-tips-for-getting-yourself-unstuck,2018-06-22
A Roadmap for Learning How To Code - Part 3,/blog/roadmap-for-learning-how-to-code-03,2018-06-13
Student Interview: Paula + Miranda on Company Projects,/blog/student-interview-paula-miranda,2018-06-05
Five Essential Rules when Job Searching,/blog/five-essential-rules-when-job-searching,2018-05-31
Outcomes: A Preview,/blog/outcomes-a-preview,2018-05-22
The Benefit of Low-Abstraction Frameworks for Scaffolding Learning,/blog/low-abstraction-frameworks,2018-05-16
Are Coding Schools Worth the Cost?,/blog/are-coding-schools-worth-the-cost,2018-04-25
A Roadmap for Learning How To Code - Part 2,/blog/roadmap-for-learning-how-to-code-02,2018-04-10
Meet The Instructor: Joel Burton,/blog/meet-the-instructor-joel-burton,2018-03-27
Alumni Spotlight: Anna-Brit Schlaepfer,/blog/alumni-spotlight-anna-brit,2018-03-19
The Art of Outreach,/blog/the-art-of-outreach,2018-02-28
Intro to VS Code,/blog/vscode,2018-02-20
Debugging Like a Developer,/blog/debugging-like-a-developer,2018-02-06
Student Interview: Allie + Stephen on Company Projects,/blog/student-interview-allie-stephen,2018-01-31
A Roadmap for Learning How To Code - Part 1,/blog/roadmap-for-learning-how-to-code-01,2018-01-24
Computer Science Degree vs. Coding Bootcamp Tradeoffs,/blog/computer-science-vs-coding-bootcamp,2018-01-10
New Year's Resolutions: Developer Edition,/blog/new-years-resolutions,2018-01-02
Student Spotlight: Sean Mangosing,/blog/student-spotlight-sean-mangosing,2017-12-20
"New Year, New Outcomes",/blog/new-year-new-outcomes,2017-12-11
Five Tips for Landing a Job as a Bootcamp Grad,/blog/five-tips-for-landing-a-job,2017-12-05
"Our Newest Scholarship, Diversity, and How Rithm Supports Your Coding Education",/blog/our-newest-scholarship,2017-11-28
Why Pay For School?,/blog/why-pay-for-school,2017-11-21
"This Holiday Season, Give Back to Tech for Good",/blog/this-holiday-season-give-back-to-tech-for-good,2017-11-07
Meet The Instructor: Michael Hueter,/blog/meet-the-instructor-michael-hueter,2017-10-24
Student Spotlight: Adele Landers,/blog/student-spotlight-adele-landers,2017-10-17
Do Web Developers Need to be Good at Math?,/blog/do-web-developers-need-to-be-good-at-math,2017-10-10
Top 4 JavaScript Mistakes That Beginners Make,/blog/top-four-js-mistakes-that-beginners-make,2017-09-27
Interview With An Alumni: Katie Krieger,/blog/interview-with-an-alumni-katie-krieger,2017-09-19
What Makes a Successful Student?,/blog/what-makes-a-successful-student,2017-09-05
5 Topics To Master Before Learning React,/blog/5-topics-to-master-before-learning-react,2017-08-29
Soft Skills That Actually Matter In Tech,/blog/soft-skills-that-actually-matter-in-tech,2017-08-22
What I Wish Someone Had Told Me Before I Learned To Code,/blog/what-i-wish-someone-had-told-me-before-i-learned-to-code,2017-08-15
Rithm School Scholarship Winner Interview: Michelle Huynh,/blog/diversity-scholarship-winner-interview-michelle-huynh,2017-08-08
A Bootcamp Bubble?,/blog/a-bootcamp-bubble,2017-08-01
Student Interview: Julia Hazer on Company Projects,/blog/student-interview-julia-hazer,2017-07-18
Five Tips to Get Into Rithm,/blog/five-tips-to-get-into-rithm,2017-07-11
Problem Solving Strategies: Look Back and Refactor,/blog/problem-solving-strategies-06,2017-06-27
Student Interview: Shriya Nevatia,/blog/student-interview-shriya-nevatia,2017-06-19
"Scholarships, Diversity and How Rithm Supports Your Coding Education",/blog/scholarships-diversity-education,2017-05-23
Demystifying Deep Learning,/blog/demystifying-deep-learning,2017-05-11
"Staff Spotlight: Angelina Davis, Admissions Manager",/blog/staff-spotlight-angelina-davis,2017-05-02
Student Interview: Torre Taylor on Company Projects,/blog/student-interview-torre-taylor,2017-04-18
Becoming a Self-Reliant Developer,/blog/becoming-a-self-reliant-developer,2017-04-06
You Should Be Going To Tech Conferences,/blog/you-should-be-going-to-tech-conferences,2017-03-30
Student Interview: Andrew Mundy,/blog/student-interview-andrew-mundy,2017-03-23
She’s Been Persisting: 6 Women in Tech Organizations You Should Know About,/blog/shes-been-persisting,2017-03-16
Bootcamp Curious? Perspective from a Recovering Academic,/blog/bootcamp-curious-perspective-from-a-recovering-academic,2017-03-09
Problem Solving Strategies: Use Tools Strategically,/blog/problem-solving-strategies-05,2017-02-02
Problem Solving Strategies: Solve a Simpler Problem,/blog/problem-solving-strategies-04,2017-01-19
Your Roadmap to Learning JavaScript,/blog/your-roadmap-to-learning-javascript,2017-01-05
What A Small Class Size Meant to Me,/blog/what-a-small-class-size-meant-to-me,2016-12-19
Student Interview: Greg,/blog/student-interview-greg,2016-12-19
How to Prepare for the Rithm Technical Interview,/blog/how-to-prepare-for-the-rithm-technical-interview,2016-12-08
Problem Solving Strategies: Break It Down,/blog/problem-solving-strategies-03,2016-12-05
Problem Solving Strategies: Explore Concrete Examples,/blog/problem-solving-strategies-02,2016-11-28
Problem Solving Strategies: Understand the Problem,/blog/problem-solving-strategies-01,2016-11-21
Why Do You Want To Code?,/blog/why-do-you-want-to-code,2016-11-15
Essential Tools for Web Development,/blog/essential-tools-for-web-development,2016-10-21
Five Reasons to Learn JavaScript,/blog/five-reasons-to-learn-javascript,2016-09-29
Free Course Prep,/blog/free-course-prep,2016-09-20
Building Better Job Support,/blog/building-better-job-support,2016-09-14
Why Another Bootcamp?,/blog/why-another-bootcamp,2016-09-06
